{"loss": 0.23693284392356873, "epoch": 1.0, "step": 803, "lr": 8.266479902895543e-10, "week": 6, "validation_loss": 0.24139939118472356, "macro_f1": 0.4365767227058162, "micro_f1": 0.6680435598948554, "mae": 0.44024005714792236, "_step": 11, "_runtime": 106, "_timestamp": 1615758410}