{"loss": 0.22284147143363953, "epoch": 1.0, "step": 803, "lr": 8.266479902895543e-10, "week": 6, "validation_loss": 0.24084746707526464, "macro_f1": 0.46116341987675263, "micro_f1": 0.6665414945550131, "mae": 0.4414209044938157, "_step": 11, "_runtime": 106, "_timestamp": 1615757748}