{"loss": 0.5418391227722168, "epoch": 1.0, "step": 63, "lr": 8.905183668721216e-08, "week": 6, "validation_loss": 0.6290479290579992, "macro_f1": 0.20036615716530123, "micro_f1": 0.4759043685066967, "mae": 0.647784100547523, "_step": 11, "_runtime": 21, "_timestamp": 1615803360}