{"loss": 0.23373746871948242, "epoch": 1.0, "step": 803, "lr": 8.266479902895543e-10, "week_1_validation_loss": 0.2506587319331218, "week_1_macro_f1": 0.787371369945793, "week_1_micro_f1": 0.8809523809523809, "week_1_mae": 0.1834757494397848, "_step": 11, "_runtime": 107, "_timestamp": 1615751706, "week_1_None_f1": 0.9495553759094584, "week_1_D0_f1": 0.7476788640087384, "week_1_D1_f1": 0.7571115973741794, "week_1_D2_f1": 0.6875, "week_1_D3_f1": 0.7675675675675675, "week_1_D4_f1": 0.8148148148148148, "week_2_validation_loss": 0.2506587319331218, "week_2_macro_f1": 0.6938148190598752, "week_2_micro_f1": 0.8248605748605748, "week_2_mae": 0.2412964677650746, "week_2_None_f1": 0.9360975609756097, "week_2_D0_f1": 0.6500137249519626, "week_2_D1_f1": 0.5617615467239527, "week_2_D2_f1": 0.48407643312101906, "week_2_D3_f1": 0.6737967914438502, "week_2_D4_f1": 0.8571428571428571, "week_3_validation_loss": 0.2506587319331218, "week_3_macro_f1": 0.6018185499653922, "week_3_micro_f1": 0.7797082797082798, "week_3_mae": 0.2920696192448627, "week_3_None_f1": 0.9110870830907427, "week_3_D0_f1": 0.5893769152196118, "week_3_D1_f1": 0.4959305480195334, "week_3_D2_f1": 0.36825396825396833, "week_3_D3_f1": 0.5365853658536586, "week_3_D4_f1": 0.7096774193548387, "week_4_validation_loss": 0.2506587319331218, "week_4_macro_f1": 0.5109208760595986, "week_4_micro_f1": 0.7245817245817245, "week_4_mae": 0.3555372590887363, "week_4_None_f1": 0.883453237410072, "week_4_D0_f1": 0.4987593052109181, "week_4_D1_f1": 0.3991529910005293, "week_4_D2_f1": 0.2958579881656805, "week_4_D3_f1": 0.44776119402985076, "week_4_D4_f1": 0.5405405405405405, "week_5_validation_loss": 0.2506587319331218, "week_5_macro_f1": 0.4554603642284185, "week_5_micro_f1": 0.6836121836121836, "week_5_mae": 0.4148982593068098, "week_5_None_f1": 0.8630819446830441, "week_5_D0_f1": 0.4505813953488372, "week_5_D1_f1": 0.30597431602456726, "week_5_D2_f1": 0.22493887530562348, "week_5_D3_f1": 0.38818565400843885, "week_5_D4_f1": 0.5000000000000001, "week_6_validation_loss": 0.2506587319331218, "week_6_macro_f1": 0.4195837918012996, "week_6_micro_f1": 0.6663449163449163, "week_6_mae": 0.45186511875128516}