{"loss": 0.21669764816761017, "epoch": 2.0, "step": 1606, "lr": 5.322530247061589e-05, "validation_loss": 0.06960820829278905, "macro_f1": 0.8085797122229579, "micro_f1": 0.8941441441441441, "mae": 0.8941441441441441, "_step": 3, "_runtime": 175, "_timestamp": 1615746005}