{"loss": 0.06498712301254272, "epoch": 1.5006226650062267, "step": 1205, "lr": 6.554705148950606e-05, "validation_loss": 0.0682900130735991, "macro_f1": 0.6479883971859373, "micro_f1": 0.8684041184041184, "mae": 0.1542414263937469, "_step": 2, "_runtime": 138, "_timestamp": 1615748987}