{"loss": 0.5290456414222717, "epoch": 1.0, "step": 63, "lr": 8.905183668721216e-08, "week": 6, "validation_loss": 0.6160129869268054, "macro_f1": 0.20506558709296627, "micro_f1": 0.5318563024158217, "mae": 0.6007426032279397, "_step": 11, "_runtime": 21, "_timestamp": 1615803578}