{"loss": 0.5351951122283936, "epoch": 1.0, "step": 63, "lr": 8.905183668721216e-08, "week": 6, "validation_loss": 0.6300101914103069, "macro_f1": 0.2095352707157684, "micro_f1": 0.48679434222055323, "mae": 0.6392891372238336, "_step": 11, "_runtime": 56, "_timestamp": 1615803213}