{"loss": 0.22897471487522125, "epoch": 1.0, "step": 803, "lr": 8.266479902895543e-10, "week": 6, "validation_loss": 0.24185032427074418, "macro_f1": 0.44324949260997243, "micro_f1": 0.6661659782200525, "mae": 0.4409513003498562, "_step": 11, "_runtime": 641, "_timestamp": 1615753446}