{"loss": 0.23419684171676636, "epoch": 1.0, "step": 803, "lr": 8.266479902895543e-10, "week": 6, "validation_loss": 0.24158334885797803, "macro_f1": 0.4579493828163232, "micro_f1": 0.6679183877832019, "mae": 0.43825791929738495, "_step": 11, "_runtime": 105, "_timestamp": 1615753690}