{"loss": 0.011693260632455349, "epoch": 10.0, "step": 8030, "lr": 2.8546649399058126e-10, "validation_loss": 0.061305168671661046, "macro_f1": 0.8190226016902517, "micro_f1": 0.9014371514371514, "mae": 0.9014371514371514, "_step": 19, "_runtime": 815, "_timestamp": 1615743620}