{"loss": 0.23703239858150482, "epoch": 1.0, "step": 803, "lr": 8.266479902895543e-10, "week": 6, "validation_loss": 0.24075942303216646, "macro_f1": 0.4616008669934301, "micro_f1": 0.6675428714482413, "mae": 0.43998538242351515, "_step": 11, "_runtime": 104, "_timestamp": 1615802885}