{"loss": 0.2352922558784485, "epoch": 1.0, "step": 803, "lr": 8.266479902895543e-10, "week": 6, "validation_loss": 0.2408956124905556, "macro_f1": 0.45191189740545196, "micro_f1": 0.668669420453123, "mae": 0.4414365535517963, "_step": 11, "_runtime": 106, "_timestamp": 1615757026}