{"loss": 0.5096083283424377, "epoch": 1.0, "step": 803, "lr": 8.266479902895543e-10, "validation_loss": 0.9003781431341824, "macro_f1": 0.05303030303030303, "micro_f1": 0.18918918918918917, "mae": 0.8121881390460516, "_step": 1, "_runtime": 103, "_timestamp": 1615750569}