{"loss": 0.16459183394908905, "epoch": 1.0, "step": 803, "lr": 8.266479902895543e-10, "validation_loss": 0.06712341351332525, "macro_f1": 0.8104410754017278, "micro_f1": 0.8938223938223938, "mae": 0.15652371139410884, "_step": 1, "_runtime": 101, "_timestamp": 1615749176}