{"loss": 0.23391865193843842, "epoch": 1.0, "step": 803, "lr": 8.266479902895543e-10, "week": 6, "validation_loss": 0.2415348727788244, "macro_f1": 0.45958333191284323, "micro_f1": 0.6669170108899737, "mae": 0.4399327835724431, "_step": 11, "_runtime": 106, "_timestamp": 1615758099}