{"loss": 0.24461069703102112, "epoch": 1.0, "step": 803, "lr": 8.266479902895543e-10, "week": 6, "validation_loss": 0.24078684347489523, "macro_f1": 0.46060240590869833, "micro_f1": 0.668168732006509, "mae": 0.4432962847846529, "_step": 11, "_runtime": 111, "_timestamp": 1615801784}