{"loss": 0.23370997607707977, "epoch": 1.0, "step": 803, "lr": 8.266479902895543e-10, "week": 6, "validation_loss": 0.25370678716428474, "macro_f1": 0.41740663490462765, "micro_f1": 0.6653796653796654, "mae": 0.4528111171098155, "_step": 11, "_runtime": 107, "_timestamp": 1615751978}