{"loss": 0.037020374089479446, "epoch": 6.0, "step": 4818, "lr": 2.9518470482477366e-10, "validation_loss": 0.06384472928507483, "macro_f1": 0.8110634265169804, "micro_f1": 0.8985413985413986, "mae": 0.8985413985413986, "_step": 11, "_runtime": 476, "_timestamp": 1615747513}