{"loss": 0.1921045482158661, "epoch": 6.0, "step": 4818, "lr": 1.221979121383472e-05, "validation_loss": 0.07064212158271303, "macro_f1": 0.768813950536316, "micro_f1": 0.8922136422136422, "mae": 0.8922136422136422, "_step": 11, "_runtime": 478, "_timestamp": 1615746566}