{"loss": 0.17098362743854523, "epoch": 1.0, "step": 803, "lr": 8.266479902895543e-10, "validation_loss": 0.06786375589132922, "macro_f1": 0.81391680839873, "micro_f1": 0.8921063921063922, "mae": 0.15728808884908838, "_step": 1, "_runtime": 102, "_timestamp": 1615749360}