{"loss": 0.22211343050003052, "epoch": 1.0, "step": 803, "lr": 8.266479902895543e-10, "week": 6, "validation_loss": 0.24173954921582388, "macro_f1": 0.4632177955441752, "micro_f1": 0.6691701088997372, "mae": 0.442999485874575, "_step": 11, "_runtime": 143, "_timestamp": 1615752537}