{"loss": 0.2248455286026001, "epoch": 1.0, "step": 803, "lr": 8.266479902895543e-10, "week": 6, "validation_loss": 0.24089737271978742, "macro_f1": 0.4607222708342837, "micro_f1": 0.6667918387783202, "mae": 0.4412594423446229, "_step": 11, "_runtime": 105, "_timestamp": 1615803075}