{"loss": 0.10027725249528885, "epoch": 4.0, "step": 3212, "lr": 3.2352086956363074e-05, "validation_loss": 0.06140193352411973, "macro_f1": 0.8341915308100205, "micro_f1": 0.9016516516516516, "mae": 0.9016516516516516, "_step": 7, "_runtime": 326, "_timestamp": 1615746975}