{"loss": 0.23244895040988922, "epoch": 1.0, "step": 803, "lr": 8.266479902895543e-10, "week": 6, "validation_loss": 0.2410683690437249, "macro_f1": 0.42746497171934345, "micro_f1": 0.6676680435598948, "mae": 0.4402140483562248, "_step": 11, "_runtime": 105, "_timestamp": 1615757500}